⭐= Regional Variant,,,(⭐) = Evolves into a Regional Variant,,,,,,,
,,,,,,,,,,
FIBERNIA,,,,,,,,,,
,,,,,,,,,,
EVENT,,,,Keep playing the Talrega Lottery until its event is triggered.,,,,,,
POKÉMON,LEVEL,ENCOUNTER %,,,,,,,,
Jirachi,5,Event,,,,,,,,
,,,,,,,,,,
FIBERNIA WOODS,,,,,,,,,,
,,,,,,,,,,
TALL GRASS,,,,HEADBUTT,,,,,,
POKÉMON,LEVEL,ENCOUNTER %,,POKÉMON,LEVEL,ENCOUNTER %,,,,
Bellsprout,2-4,20%,,Hoothoot ⭐,5,20%,,,,
Spearow ⭐,2-4,20%,,Mankey,5,20%,,,,
Lotad,2-4,10%,,Sentret,5,20%,,,,
Hoppip,2-4,10%,,Swablu,5,20%,,,,
Nincada,2-4,10%,,Seedot,5,20%,,,,
Nidoran (M),3-5,9%,,,,,,,,
Nidoran (F),3-5,15%,,,,,,,,
Meowth,3-5,6%,,,,,,,,
,,,,,,,,,,
FIBERNIA PROMONTORY,,,,,,,,,,
,,,,,,,,,,
TALL GRASS,,,,,,,,,,
POKÉMON,LEVEL,ENCOUNTER %,,,,,,,,
Koffing,2-5,20%,,,,,,,,
Rattata ⭐,2-5,24%,,,,,,,,
Grimer (Alola)⭐,2-5,15%,,,,,,,,
Wooper,2-5,15%,,,,,,,,
Venonat,2-5,20%,,,,,,,,
Gulpin ⭐,2-5,6%,,,,,,,,
,,,,,,,,,,
ABANDONED LAB,,,,,,,,,,
,,,,,,,,,,
FLOOR,,,,,,,,,,
POKÉMON,LEVEL,ENCOUNTER %,,,,,,,,
Magnemite,3-6,20%,,,,,,,,
Voltorb (Hisui)⭐,3-6,24%,,,,,,,,
Pikachu (⭐),3-6,15%,,,,,,,,
Grimer (Alola)⭐,3-6,15%,,,,,,,,
Koffing,3-6,20%,,,,,,,,
Elekid ⭐,4-6,6%,,,,,,,,
,,,,,,,,,,
COASTAL ROAD,,,,,,,,,,
,,,,,,,,,,
TALL GRASS,,,,FISHING,,,,EVENT,,
POKÉMON,LEVEL,ENCOUNTER %,,OLD ROD,,,,POKÉMON,LEVEL,ENCOUNTER %
Zigzagoon,3,20%,,POKÉMON,LEVEL,ENCOUNTER %,,Krabby Club,,
Poochyena ⭐,3-4,24%,,Carvanha,5,70%,,Aerodactyl,25,Sidequest
Pidgey,3,15%,,Magikarp,5,30%,,Porygon,???,Trade - Sidequest
Wingull,3,15%,,GOOD ROD,,,,Pokémon Lab,,
Oddish (⭐),2,20%,,POKÉMON,LEVEL,ENCOUNTER %,,Bulbasaur/ Charmander/ Squirtle,5,Sidequest
Jigglypuff ⭐,4-5,6%,,Staryu,5-15,60%,,,,
,,,,Carvanha,5-15,20%,,,,
,,,,Wailmer (⭐),5-15,20%,,Chikorita/ Cyndaquil/ Totodile,15,Sidequest
,,,,SUPER ROD,,,,,,
,,,,POKÉMON,LEVEL,ENCOUNTER %,,,,
,,,,Chinchou,15-25,40%,,Treecko/ Torchic/    Mudkip,25,Sidequest
,,,,Wailmer (⭐),15-25,30%,,,,
,,,,Sharpedo,20-30,15%,,,,
,,,,Seadra,20-30,10%,,,,
,,,,Gyarados,25-35,5%,,,,
,,,,,,,,,,
SEASIDE GROTTO,,,,,,,,,,
,,,,,,,,,,
CAVE,,,,FISHING,,,,,,
POKÉMON,LEVEL,ENCOUNTER %,,OLD ROD,,,,,,
Zubat,2-4,20%,,POKÉMON,LEVEL,ENCOUNTER %,,,,
Paras,2-4,20%,,Magikarp,5,70%,,,,
Corphish,2-4,10%,,Poliwag,5,30%,,,,
Krabby ⭐,2-4,10%,,GOOD ROD,,,,,,
Makuhita,2-5,20%,,POKÉMON,LEVEL,ENCOUNTER %,,,,
Geodude,3-5,14%,,Magikarp,5-15,60%,,,,
Dunsparce,4-5,6%,,Poliwag,5-15,20%,,,,
,,,,Feebas,5-15,20%,,,,
ROCK SMASH,,,,SUPER ROD,,,,,,
POKÉMON,LEVEL,ENCOUNTER %,,POKÉMON,LEVEL,ENCOUNTER %,,,,
Geodude,3-5,60%,,Poliwag,15-25,70%,,,,
Nosepass,3-5,40%,,Gyarados,20-30,15%,,,,
,,,,Poliwhirl,20-30,10%,,,,
,,,,Gyarados,25-35,5%,,,,
,,,,,,,,,,
TALREGA,,,,,,,,,,
,,,,,,,,,,
EVENT,,,,,,,,,,
POKÉMON,LEVEL,ENCOUNTER %,,,,,,,,
Clefairy,???,Trade - Sidequest,,,,,,,,
,,,,,,,,,,
TALREGA FARM,,,,,,,,,,
,,,,,,,,,,
TALL GRASS,,,,EVENT,,,,,,
POKÉMON,LEVEL,ENCOUNTER %,,POKÉMON,LEVEL,ENCOUNTER %,,,,
Mareep ⭐,3-4,20%,,Tauros,???,Trade - Sidequest,,,,
Marill,3-5,24%,,,,,,,,
Snubbull,3-5,15%,,,,,,,,
Exeggcute ⭐,3-5,15%,,,,,,,,
Paras,3-5,20%,,,,,,,,
Eevee (⭐),3-5,6%,,,,,,,,
,,,,,,,,,,
VARLEY WOODS,,,,,,,,,,
,,,,,,,,,,
TALL GRASS,,,,SPECIAL,,,,,,
POKÉMON,LEVEL,ENCOUNTER %,,POKÉMON,LEVEL,ENCOUNTER %,,,,
Natu ⭐,6-8,20%,,Sudowoodo,15,Event,,,,
Skitty,6-9,24%,,,,,,,,
Ralts ⭐,6-9,15%,,EVENT,,,,Retrieve the Offer. Bag in the First Stratum and present it at the shrine to initiate the battle.,,
Slakoth,6-9,15%,,POKÉMON,LEVEL,ENCOUNTER %,,,,
Roselia,6-9,20%,,Celebi ⭐,50,Event,,,,
Yanma,7-9,6%,,,,,,,,
,,,,,,,,,,
WATERFALL WOOD,,,,,,,,,,
,,,,,,,,,,
TALL GRASS,,,,FISHING,,,,,,
POKÉMON,LEVEL,ENCOUNTER %,,OLD ROD,,,,,,
Surskit,10-12,20%,,POKÉMON,LEVEL,ENCOUNTER %,,,,
Marill,10-13,24%,,Magikarp,5,70%,,,,
Psyduck,10-13,15%,,Goldeen,5,30%,,,,
Slowpoke,10-13,15%,,GOOD ROD,,,,,,
Oddish (⭐),10-13,20%,,POKÉMON,LEVEL,ENCOUNTER %,,,,
Lickitung,12-13,6%,,Magikarp,5-15,60%,,,,
,,,,Feebas,5-15,20%,,,,
,,,,Goldeen,5-15,20%,,,,
,,,,SUPER ROD,,,,,,
,,,,POKÉMON,LEVEL,ENCOUNTER %,,,,
,,,,Poliwag,15-25,40%,,,,
,,,,Poliwag,15-25,30%,,,,
,,,,Poliwhirl,20-25,15%,,,,
,,,,Gyarados,25-30,10%,,,,
,,,,Poliwhirl,30-35,5%,,,,
,,,,,,,,,,
NORTHERN ATOLL,,,,,,,,,,
,,,,,,,,,,
TALL GRASS,,,,FISHING,,,,,,
POKÉMON,LEVEL,ENCOUNTER %,,OLD ROD,,,,,,
Krabby ⭐,14-16,20%,,POKÉMON,LEVEL,ENCOUNTER %,,,,
Wingull,14-17,24%,,Magikarp,5,70%,,,,
Exeggcute ⭐,14-17,15%,,Carvanha,5,30%,,,,
Meditite ⭐,14-17,15%,,GOOD ROD,,,,,,
Mankey,14-17,20%,,POKÉMON,LEVEL,ENCOUNTER %,,,,
Dratini,15-17,6%,,Horsea,5-15,60%,,,,
,,,,Magikarp,5-15,20%,,,,
,,,,Mantine ⭐,5-15,20%,,,,
,,,,SUPER ROD,,,,,,
,,,,POKÉMON,LEVEL,ENCOUNTER %,,,,
,,,,Horsea,15-25,40%,,,,
,,,,Horsea,15-25,30%,,,,
,,,,Gyarados,20-25,15%,,,,
,,,,Seadra,25-30,10%,,,,
,,,,Gyarados,25-35,5%,,,,
,,,,,,,,,,
PIRATE ISLAND,,,,,,,,,,
,,,,,,,,,,
FISHING,,,,,,,,,,
OLD ROD,,,,,,,,,,
POKÉMON,LEVEL,ENCOUNTER %,,,,,,,,
Magikarp,5,70%,,,,,,,,
Tentacool,5,30%,,,,,,,,
GOOD ROD,,,,,,,,,,
POKÉMON,LEVEL,ENCOUNTER %,,,,,,,,
Horsea,5-15,60%,,,,,,,,
Tentacool,5-15,20%,,,,,,,,
Remoraid,5-15,20%,,,,,,,,
SUPER ROD,,,,,,,,,,
POKÉMON,LEVEL,ENCOUNTER %,,,,,,,,
Horsea,15-25,40%,,,,,,,,
Tentacool,15-25,30%,,,,,,,,
Gyarados,15-25,15%,,,,,,,,
Seadra,25-35,10%,,,,,,,,
Tentacruel,25-35,5%,,,,,,,,
,,,,,,,,,,
JAGGED MOUNTAIN,,,,,,,,,,
,,,,,,,,,,
TALL GRASS,,,,FISHING,,,,,,
POKÉMON,LEVEL,ENCOUNTER %,,OLD ROD,,,,,,
Swablu,15-17,20%,,POKÉMON,LEVEL,ENCOUNTER %,,,,
Sudowoodo,15-18,24%,,Magikarp,5,70%,,,,
Doduo,15-18,15%,,Tentacool,5,30%,,,,
Ponyta ⭐,15-18,15%,,GOOD ROD,,,,,,
Tyrogue,15-18,20%,,POKÉMON,LEVEL,ENCOUNTER %,,,,
Beldum,16-18,6%,,Corsola ⭐,5-15,60%,,,,
,,,,Tentacool,5-15,20%,,,,
,,,,Shellder,5-15,20%,,,,
,,,,SUPER ROD,,,,,,
,,,,POKÉMON,LEVEL,ENCOUNTER %,,,,
,,,,Corsola ⭐,15-25,40%,,,,
,,,,Horsea,15-25,30%,,,,
,,,,Gyarados,15-25,15%,,,,
,,,,Horsea,25-35,10%,,,,
,,,,Seadra,25-35,5%,,,,
,,,,,,,,,,
FARAWAY ISLAND,,,,,,,,,,
,,,,,,,,,,
FISHING,,,,,,,,,,
OLD ROD,,,,,,,,,,
POKÉMON,LEVEL,ENCOUNTER %,,,,,,,,
Magikarp,5,70%,,,,,,,,
Magikarp,5,30%,,,,,,,,
GOOD ROD,,,,,,,,,,
POKÉMON,LEVEL,ENCOUNTER %,,,,,,,,
Horsea,5-15,60%,,,,,,,,
Magikarp,5-15,20%,,,,,,,,
Horsea,5-15,20%,,,,,,,,
SUPER ROD,,,,,,,,,,
POKÉMON,LEVEL,ENCOUNTER %,,,,,,,,
Horsea,15-25,40%,,,,,,,,
Horsea,15-25,30%,,,,,,,,
Gyarados,15-25,15%,,,,,,,,
Seadra,25-35,10%,,,,,,,,
Gyarados,25-35,5%,,,,,,,,
,,,,,,,,,,
AQUA RESORT,,,,,,,,,,
,,,,,,,,,,
FISHING,,,,EVENT,,,,,,
OLD ROD,,,,POKÉMON,LEVEL,ENCOUNTER %,,,,
POKÉMON,LEVEL,ENCOUNTER %,,Lapras,15,Sidequest,,,,
Magikarp,5,70%,,Kangaskhan,???,Trade - Sidequest,,,,
Corsola ⭐,5,30%,,,,,,,,
GOOD ROD,,,,,,,,,,
POKÉMON,LEVEL,ENCOUNTER %,,,,,,,,
Horsea,5-15,60%,,,,,,,,
Magikarp,5-15,20%,,,,,,,,
Corsola ⭐,5-15,20%,,,,,,,,
SUPER ROD,,,,,,,,,,
POKÉMON,LEVEL,ENCOUNTER %,,,,,,,,
Corsola ⭐,15-25,40%,,,,,,,,
Horsea,15-25,30%,,,,,,,,
Mantine ⭐,15-25,15%,,,,,,,,
Mantine ⭐,25-35,10%,,,,,,,,
Gyarados,25-35,5%,,,,,,,,
,,,,,,,,,,
FIRST STRATUM - EMERALD GROVE,,,,,,,,,,
,,,,,,,,,,
TALL GRASS,,,,HEADBUTT,,,,F.O.E.,,
POKÉMON,LEVEL,ENCOUNTER %,,POKÉMON,LEVEL,ENCOUNTER %,,POKÉMON,LEVEL,ENCOUNTER %
Taillow,6-8,20%,,Spinarak,7,20%,,Stantler ⭐,28,Event
Wurmple (⭐),6-8,20%,,Volbeat ⭐,7,20%,,Confuse Ray,,
Caterpie,6-8,10%,,Illumise ⭐,7,20%,,Blaze Kick,,
Weedle,6-9,15%,,Ledyba,7,20%,,Baffling Step,,
Shroomish ⭐,6-9,20%,,Pineco,7,20%,,Zen Headbutt,,
Farfetch'd (Galar)⭐,7-9,9%,,,,,,,,
Sunkern ⭐,7-9,6%,,,,,,,,
,,,,,,,,,,
,,,,,,,,,,
,,,,,,,,,,
,,,,,,,,,,
ARUNDEL WOODS,,,,,,,,,,
,,,,,,,,,,
TALL GRASS,,,,EVENT,,,,,,
POKÉMON,LEVEL,ENCOUNTER %,,POKÉMON,LEVEL,ENCOUNTER %,,,,
Snorunt,16-18,20%,,Regice ⭐,60,Event,,,,
Spheal,16-19,24%,,,,,,,,
Seel,16-19,15%,,,,,,,,
Swinub,16-19,15%,,,,,,,,
Smoochum ⭐,16-19,20%,,,,,,,,
Sneasel ⭐,17-19,6%,,,,,,,,
,,,,,,,,,,
YGGDRASIL (OUTSIDE),,,,,,,,,,
,,,,,,,,,,
TALL GRASS,,,,,,,,,,
POKÉMON,LEVEL,ENCOUNTER %,,,,,,,,
Houndour,12-15,20%,,,,,,,,
Spoink,12-15,24%,,,,,,,,
Teddiursa,12-15,15%,,,,,,,,
Abra,12-15,15%,,,,,,,,
Drowzee,12-15,20%,,,,,,,,
Tangela ⭐,13-15,6%,,,,,,,,
,,,,,,,,,,
SECOND STRATUM - GOLGONDA (LEFT SIDE),,,,,,,,,,
,,,,,,,,,,
TALL GRASS,,,,ROCK SMASH,,,,F.O.E.,,
POKÉMON,LEVEL,ENCOUNTER %,,POKÉMON,LEVEL,ENCOUNTER %,,POKÉMON,LEVEL,ENCOUNTER %
Sandshrew ⭐,13-15,20%,,Geodude,14-15,60%,,Sandslash ⭐,38,Event
Cacnea,13-16,24%,,Shuckle,14-18,40%,,Bulldoze,,
Baltoy ⭐,13-16,15%,,,,,,Night Slash,,
Trapinch,13-16,15%,,,,,,Rock Slide,,
Numel,13-16,20%,,,,,,X-Scissor,,
Gligar,14-16,6%,,,,,,,,
,,,,,,,,,,
,,,,,,,,,,
CAVE OF ATHARI,,,,,,,,,,
,,,,,,,,,,
CAVE,,,,F.O.E.,,,,,,
POKÉMON,LEVEL,ENCOUNTER %,,POKÉMON,LEVEL,ENCOUNTER %,,,,
Whismur,13-15,20%,,Steelix,38,Event,,,,
Onix,13-16,24%,,Bullldoze,,,,,,
Aron ⭐,13-16,15%,,Iron Head,,,,,,
Meditite ⭐,13-16,15%,,Rock Slide,,,,,,
Duskull ⭐,13-16,20%,,Water Tackle,,,,,,
Shuppet,14-16,6%,,,,,,,,
,,,,,,,,,,
GORGE OF ZANADO,,,,,,,,,,
,,,,,,,,,,
HEADBUTT,,,,EVENT,,,,,,
POKÉMON,LEVEL,ENCOUNTER %,,POKÉMON,LEVEL,ENCOUNTER %,,,,
Aipom,18,20%,,Girafarig,20,Sidequest,,,,
Exeggcute ⭐,18,20%,,,,,,,,
Spearow ⭐,18,20%,,,,,,,,
Natu ⭐,18,20%,,,,,,,,
Hoppip,18,20%,,,,,,,,
,,,,,,,,,,
SECOND STRATUM - GOLGONDA (RIGHT SIDE),,,,,,,,,,
,,,,,,,,,,
TALL GRASS,,,,SAND,,,,F.O.E.,,
POKÉMON,LEVEL,ENCOUNTER %,,POKÉMON,LEVEL,ENCOUNTER %,,POKÉMON,LEVEL,ENCOUNTER %
Trapinch,16-18,20%,,Larvitar,16-20,65%,,Gliscor,38,Event
Ekans ⭐,16-18,20%,,Phanpy,16-21,35%,,Bullldoze,,
Diglett,16-18,10%,,,,,,Aerial Ace,,
Cubone ⭐,16-20,15%,,,,,,Rock Slide,,
Lileep,16-20,14%,,,,,,Poison Jab,,
Anorith,16-20,15%,,,,,,,,
Skarmory,18-20,6%,,,,,,,,
,,,,,,,,,,
SECOND STRATUM (SANDY CAVES),,,,,,,,,,
,,,,,,,,,,
TALL GRASS,,,,FISHING,,,,,,
POKÉMON,LEVEL,ENCOUNTER %,,OLD ROD,,,,,,
Baltoy ⭐,16-18,20%,,POKÉMON,LEVEL,ENCOUNTER %,,,,
Gastly,16-20,24%,,Omanyte ⭐,5,70%,,,,
Trapinch,16-20,15%,,Omanyte ⭐,5,30%,,,,
Cubone ⭐,16-20,15%,,GOOD ROD,,,,,,
Sableye,16-20,20%,,POKÉMON,LEVEL,ENCOUNTER %,,,,
Misdreavus (⭐),18-20,6%,,Omanyte ⭐,5-15,60%,,,,
,,,,Omanyte ⭐,5-15,20%,,,,
SAND,,,,Relicanth ⭐,5-15,20%,,,,
POKÉMON,LEVEL,ENCOUNTER %,,SUPER ROD,,,,,,
Kabuto ⭐,15-18,100%,,POKÉMON,LEVEL,ENCOUNTER %,,,,
,,,,Omanyte ⭐,15-25,40%,,,,
,,,,Omanyte ⭐,15-25,30%,,,,
,,,,Relicanth ⭐,20-25,15%,,,,
,,,,Relicanth ⭐,25-30,10%,,,,
,,,,Relicanth ⭐,30-35,5%,,,,
,,,,,,,,,,
DESERT OF GOLGONDA,,,,,,,,,,
,,,,,,,,,,
TALL GRASS,,,,FISHING,,,,EVENT,,
POKÉMON,LEVEL,ENCOUNTER %,,OLD ROD,,,,POKÉMON,LEVEL,ENCOUNTER %
Trapinch,20-22,20%,,POKÉMON,LEVEL,ENCOUNTER %,,Regirock ⭐,60,Event
Baltoy ⭐,20-24,24%,,Magikarp,5,70%,,,,
Cacnea,20-24,15%,,Barboach ⭐,5,30%,,,,
Sandshrew ⭐,20-24,15%,,GOOD ROD,,,,,,
Numel,20-24,20%,,POKÉMON,LEVEL,ENCOUNTER %,,,,
Murkrow,23-25,6%,,Barboach ⭐,5-15,60%,,,,
,,,,Magikarp,5-15,20%,,,,
SAND,,,,Psyduck,5-15,20%,,,,
POKÉMON,LEVEL,ENCOUNTER %,,SUPER ROD,,,,,,
Rhyhorn,20-26,66%,,POKÉMON,LEVEL,ENCOUNTER %,,,,
Cubone ⭐,20-24,34%,,Barboach ⭐,15-25,40%,,,,
,,,,Psyduck,15-25,30%,,,,
,,,,Gyarados,20-30,15%,,,,
,,,,Golduck,20-30,10%,,,,
,,,,Whiscash ⭐,25-35,5%,,,,
,,,,,,,,,,
CHARON,,,,,,,,,,
,,,,,,,,,,
EVENT,,,,,,,,,,
POKÉMON,LEVEL,ENCOUNTER %,,,,,,,,
Farfetch'd ⭐,???,Trade - Sidequest,,,,,,,,
,,,,,,,,,,
BRIGIT FARM,,,,,,,,,,
,,,,,,,,,,
TALL GRASS,,,,,,,,,,
POKÉMON,LEVEL,ENCOUNTER %,,,,,,,,
Mareep ⭐,23-25,20%,,,,,,,,
Electrike,23-26,24%,,,,,,,,
Surskit,23-26,15%,,,,,,,,
Pikachu,23-26,15%,,,,,,,,
Eevee (⭐),23-26,20%,,,,,,,,
Miltank,25-27,6%,,,,,,,,
,,,,,,,,,,
MAPLE ISLAND,,,,,,,,,,
,,,,,,,,,,
TALL GRASS,,,,,,,,,,
POKÉMON,LEVEL,ENCOUNTER %,,,,,,,,
Furret,16-18,20%,,,,,,,,
Spinarak,16-18,24%,,,,,,,,
Hoppip,16-18,15%,,,,,,,,
Nidorino,16-18,10%,,,,,,,,
Nidorina,16-18,10%,,,,,,,,
Pinsir,16-18,15%,,,,,,,,
Scyther,16-18,6%,,,,,,,,
,,,,,,,,,,
THIRD STRATUM (1),,,,,,,,,,
,,,,,,,,,,
SAND,,,,F.O.E.,,,,,,
POKÉMON,LEVEL,ENCOUNTER %,,POKÉMON,LEVEL,ENCOUNTER %,,,,
Slugma,26-28,20%,,Camerupt,48,Event,,,,
Magby ⭐,26-29,24%,,Heat Wave,,,,,,
Growlithe,26-29,15%,,Earth Power,,,,,,
Lunatone,26-29,15%,,Power Gem,,,,,,
Solrock,26-29,20%,,Flash Cannon,,,,,,
Torkoal,27-29,6%,,,,,,,,
,,,,,,,,,,
THIRD STRATUM (2),,,,,,,,,,
,,,,,,,,,,
SAND,,,,,,,,,,
POKÉMON,LEVEL,ENCOUNTER %,,,,,,,,
Geodude,27-29,20%,,,,,,,,
Machop ⭐,28-30,24%,,,,,,,,
Slugma,28-30,15%,,,,,,,,
Magby ⭐,28-30,15%,,,,,,,,
Golbat,28-30,20%,,,,,,,,
Machoke ⭐,28-30,6%,,,,,,,,
,,,,,,,,,,
THIRD STRATUM (3-4),,,,,,,,,,
,,,,,,,,,,
SAND,,,,F.O.E.,,,,,,
POKÉMON,LEVEL,ENCOUNTER %,,POKÉMON,LEVEL,ENCOUNTER %,,,,
Machop ⭐,28-30,20%,,Arcanine,48,Event,,,,
Aron ⭐,28-31,24%,,Sacred Fire,,,,,,
Vulpix ⭐,28-31,15%,,Extremespeed,,,,,,
Slugma,28-31,15%,,Iron Head,,,,,,
Golbat,28-31,20%,,Crunch,,,,,,
Wobbuffet,29-31,6%,,,,,,,,
,,,,,,,,,,
,,,,,,,,,,
THIRD STRATUM (5-6),,,,,,,,,,
,,,,,,,,,,
SAND,,,,F.O.E.,,,,,,
POKÉMON,LEVEL,ENCOUNTER %,,POKÉMON,LEVEL,ENCOUNTER %,,,,
Magmar ⭐,31-33,20%,,Gengar,48,Event,,,,
Geodude,31-34,24%,,Shadow Ball,,,,,,
Vulpix ⭐,31-34,15%,,Thunderbolt,,,,,,
Torkoal,31-34,15%,,Sludge Bomb,,,,,,
Slugma,31-34,20%,,Dark Pulse,,,,,,
Bagon,32-34,6%,,,,,,,,
,,,,,,,,,,
,,,,,,,,,,
THIRD STRATUM (DEEPEST PART),,,,,,,,,,
,,,,,,,,,,
SAND,,,,,,,,,,
POKÉMON,LEVEL,ENCOUNTER %,,,,,,,,
Onix,30-32,20%,,,,,,,,
Torkoal,30-33,24%,,,,,,,,
Golbat,30-33,15%,,,,,,,,
Growlithe,30-33,15%,,,,,,,,
Slugma,30-33,20%,,,,,,,,
Loudred,31-33,6%,,,,,,,,
,,,,,,,,,,
AUBURN THICKET,,,,,,,,,,
,,,,,,,,,,
TALL GRASS,,,,EVENT,,,,,,
POKÉMON,LEVEL,ENCOUNTER %,,POKÉMON,LEVEL,ENCOUNTER %,,,,
Heracross,37-39,20%,,Snorlax,45,Event,,,,
Scyther,37-39,20%,,,,,,,,
Pinsir,37-39,10%,,EVENT,,,,,,
Dustox ⭐,37-39,10%,,POKÉMON,LEVEL,ENCOUNTER %,,,,
Beautifly ⭐,37-39,10%,,Registeel ⭐,60,Event,,,,
Butterfree,38-40,14%,,,,,,,,
Beedrill,38-40,10%,,,,,,,,
Castform,38-40,6%,,,,,,,,
,,,,,,,,,,
FOURTH STRATUM (1-2),,,,,,,,,,
,,,,,,,,,,
TALL GRASS,,,,,,,,,,
POKÉMON,LEVEL,ENCOUNTER %,,,,,,,,
Tropius,36-38,20%,,,,,,,,
Weepinbell,36-40,24%,,,,,,,,
Gloom,36-40,15%,,,,,,,,
Zangoose,36-40,15%,,,,,,,,
Seviper,36-40,20%,,,,,,,,
Kecleon,38-40,6%,,,,,,,,
,,,,,,,,,,
,,,,,,,,,,
FOURTH STRATUM (3),,,,,,,,,,
,,,,,,,,,,
TALL GRASS,,,,FISHING,,,,F.O.E.,,
POKÉMON,LEVEL,ENCOUNTER %,,OLD ROD,,,,POKÉMON,LEVEL,ENCOUNTER %
Wooper,37-39,20%,,POKÉMON,LEVEL,ENCOUNTER %,,Ludicolo,58,Event
Quagsire,37-40,24%,,Magikarp,5,70%,,Scald,,
Lombre,37-40,15%,,Feebas,5,30%,,Giga Drain,,
Nuzleaf,37-40,15%,,GOOD ROD,,,,Ice Beam,,
Marill,37-40,20%,,POKÉMON,LEVEL,ENCOUNTER %,,Leech Seed,,
Dratini,38-40,6%,,Feebas,5-15,60%,,,,
,,,,Barboach ⭐,5-15,20%,,,,
,,,,Poliwag,5-15,20%,,,,
,,,,SUPER ROD,,,,,,
,,,,POKÉMON,LEVEL,ENCOUNTER %,,,,
,,,,Poliwag,15-20,40%,,,,
,,,,Slowpoke,20-25,30%,,,,
,,,,Poliwhirl,25-30,15%,,,,
,,,,Gyarados,30-35,10%,,,,
,,,,Golduck,35-40,5%,,,,
,,,,,,,,,,
FOURTH STRATUM (4),,,,,,,,,,
,,,,,,,,,,
TALL GRASS,,,,F.O.E.,,,,,,
POKÉMON,LEVEL,ENCOUNTER %,,POKÉMON,LEVEL,ENCOUNTER %,,,,
Linoone,37-39,20%,,Politoed,58,Event,,,,
Nidorina,37-40,24%,,Hydro Pump,,,,,,
Nidorino,37-40,15%,,Hyper Voice,,,,,,
Venomoth,37-40,15%,,Ice Beam,,,,,,
Girafarig,37-40,20%,,Psychic,,,,,,
Absol ⭐,38-40,6%,,,,,,,,
,,,,,,,,,,
FOURTH STRATUM (5),,,,,,,,,,
,,,,,,,,,,
TALL GRASS,,,,,,,,,,
POKÉMON,LEVEL,ENCOUNTER %,,,,,,,,
Quagsire,40-42,20%,,,,,,,,
Linoone,40-43,24%,,,,,,,,
Dodrio,40-43,15%,,,,,,,,
Tangela ⭐,40-43,15%,,,,,,,,
Swellow,40-43,20%,,,,,,,,
Chansey ⭐,41-43,6%,,,,,,,,
,,,,,,,,,,
AZURE CAVE,,,,,,,,,,
,,,,,,,,,,
CAVE,,,,FISHING,,,,,,
POKÉMON,LEVEL,ENCOUNTER %,,OLD ROD,,,,,,
Loudred,38-40,20%,,POKÉMON,LEVEL,ENCOUNTER %,,,,
Psyduck,38-41,24%,,Magikarp,5,70%,,,,
Golbat,38-41,15%,,Poliwag,5,30%,,,,
Nosepass,38-41,15%,,GOOD ROD,,,,,,
Misdreavus,38-41,20%,,POKÉMON,LEVEL,ENCOUNTER %,,,,
Mawile,39-41,6%,,Magikarp,5-15,60%,,,,
,,,,Poliwag,5-15,20%,,,,
,,,,Slowpoke,5-15,20%,,,,
,,,,SUPER ROD,,,,,,
,,,,POKÉMON,LEVEL,ENCOUNTER %,,,,
,,,,Psyduck,15-25,40%,,,,
,,,,Poliwag,20-25,30%,,,,
,,,,Slowpoke,25-30,15%,,,,
,,,,Gyarados,30-35,10%,,,,
,,,,Golduck,35-40,5%,,,,
,,,,,,,,,,
LOST WOODS,,,,,,,,,,
,,,,,,,,,,
TALL GRASS,,,,F.O.E.,,,,,,
POKÉMON,LEVEL,ENCOUNTER %,,POKÉMON,LEVEL,ENCOUNTER %,,,,
Haunter,42-44,20%,,Pidgeot,58,Event,,,,
Shuppet,42-45,24%,,Hurricane,,,,,,
Mightyena ⭐,42-45,15%,,Boomburst,,,,,,
Vigoroth,42-45,15%,,Heat Wave,,,,,,
Parasect,42-45,20%,,Roost,,,,,,
Dusclops ⭐,43-45,6%,,,,,,,,
,,,,,,,,,,
ETRIA GRAVEYARD,,,,,,,,,,
,,,,,,,,,,
TALL GRASS,,,,,,,,,,
POKÉMON,LEVEL,ENCOUNTER %,,,,,,,,
Shuppet,37-39,20%,,,,,,,,
Duskull ⭐,37-40,24%,,,,,,,,
Ariados,37-40,15%,,,,,,,,
Haunter,37-40,15%,,,,,,,,
Murkrow,37-40,20%,,,,,,,,
Chimecho,38-40,6%,,,,,,,,
,,,,,,,,,,
CAVE OF AGES,,,,,,,,,,
,,,,,,,,,,
GRASS,,,,,,,,,,
POKÉMON,LEVEL,ENCOUNTER %,,,,,,,,
Scream Tail,45-49,45%,,,,,,,,
Sandy Shock,46-49,20%,,,,,,,,
Flutter Mane,45-48,20%,,,,,,,,
Great Tusk,47-49,9%,,,,,,,,
Roaring Moon,48-50,6%,,,,,,,,
,,,,,,,,,,
FIFTH STRATUM - B1F,,,,,,,,,,
,,,,,,,,,,
GRASS,,,,F.O.E.,,,,,,
POKÉMON,LEVEL,ENCOUNTER %,,POKÉMON,LEVEL,ENCOUNTER %,,,,
Manectric,45-47,20%,,Alakazam,65,Event,,,,
Grumpig,45-48,24%,,Psychic,,,,,,
Houndoom,45-48,15%,,Shadow Ball,,,,,,
Sableye,45-48,15%,,Aura Sphere,,,,,,
Magneton,45-48,20%,,Etheric Star,,,,,,
Metang,46-48,6%,,,,,,,,
,,,,,,,,,,
FIFTH STRATUM - B2F,,,,,,,,,,
,,,,,,,,,,
GRASS,,,,F.O.E.,,,,F.O.E.,,
POKÉMON,LEVEL,ENCOUNTER %,,POKÉMON,LEVEL,ENCOUNTER %,,POKÉMON,LEVEL,ENCOUNTER %
Lunatone,46-48,20%,,Gardevoir ⭐,65,Event,,Gallade ⭐,65,Event
Hypno,46-49,24%,,Psychic,,,,5-Ring Sword,,
Claydol ⭐,46-49,15%,,Shadow Ball,,,,Close Combat,,
Solrock,46-49,15%,,Aura Sphere,,,,Triple Axel,,
Kadabra,46-49,20%,,Ad Nihilo,,,,Leaf Blade,,
Metang,47-49,6%,,,,,,,,
,,,,,,,,,,
FIFTH STRATUM - B3F,,,,,,,,,,
,,,,,,,,,,
GRASS,,,,,,,,,,
POKÉMON,LEVEL,ENCOUNTER %,,,,,,,,
Electrode (Hisui)⭐,48-50,20%,,,,,,,,
Banette,48-51,24%,,,,,,,,
Marowak ⭐,48-51,15%,,,,,,,,
Mr. Mime,48-51,15%,,,,,,,,
Jynx ⭐,48-51,20%,,,,,,,,
Gardevoir ⭐,49-51,6%,,,,,,,,
,,,,,,,,,,
FIFTH STRATUM - B4F,,,,,,,,,,
,,,,,,,,,,
GRASS,,,,,,,,,,
POKÉMON,LEVEL,ENCOUNTER %,,,,,,,,
Muk (Alola)⭐,49-51,20%,,,,,,,,
Wigglytuff ⭐,49-52,24%,,,,,,,,
Slowbro,49-52,15%,,,,,,,,
Clefable,49-52,15%,,,,,,,,
Xatu ⭐,49-52,20%,,,,,,,,
Alakazam,50-52,6%,,,,,,,,
,,,,,,,,,,
SIXTH STRATUM (SOUTH),,,,,,,,,,
,,,,,,,,,,
GRASS,,,,F.O.E.,,,,,,
POKÉMON,LEVEL,ENCOUNTER %,,POKÉMON,LEVEL,ENCOUNTER %,,,,
Piloswine,53-55,20%,,Mamoswine,70,Event,,,,
Loudred,53-56,24%,,Icicle Crash,,,,,,
Snorunt,53-56,15%,,Earthquake,,,,,,
Medicham ⭐,53-56,15%,,Stone Edge,,,,,,
Lairon ⭐,53-56,20%,,Ice Shard,,,,,,
Weavile ⭐,54-56,6%,,,,,,,,
,,,,,,,,,,
SIXTH STRATUM (CENTER),,,,,,,,,,
,,,,,,,,,,
GRASS,,,,F.O.E.,,,,,,
POKÉMON,LEVEL,ENCOUNTER %,,POKÉMON,LEVEL,ENCOUNTER %,,,,
Piloswine,54-56,20%,,Rapidash ⭐,70,Event,,,,
Hariyama,54-57,24%,,Flare Blitz,,,,,,
Machoke ⭐,54-57,15%,,Drill Run,,,,,,
Graveler,54-57,15%,,Icicle Crash,,,,,,
Ursaring,54-57,20%,,Wild Charge,,,,,,
Aggron ⭐,55-57,6%,,,,,,,,
,,,,,,,,,,
SIXTH STRATUM (NORTH),,,,,,,,,,
,,,,,,,,,,
GRASS,,,,,,,,,,
POKÉMON,LEVEL,ENCOUNTER %,,,,,,,,
Ponyta ⭐,54-56,20%,,,,,,,,
Glalie,54-58,24%,,,,,,,,
Medicham ⭐,54-58,15%,,,,,,,,
Sneasel ⭐,54-58,15%,,,,,,,,
Golduck,54-58,20%,,,,,,,,
Swalot ⭐,56-58,6%,,,,,,,,
,,,,,,,,,,
SIXTH STRATUM (WEST),,,,,,,,,,
,,,,,,,,,,
GRASS,,,,F.O.E.,,,,,,
POKÉMON,LEVEL,ENCOUNTER %,,POKÉMON,LEVEL,ENCOUNTER %,,,,
Sealeo,54-56,20%,,Glalie,70,Event,,,,
Slowbro,54-58,24%,,Ice Beam,,,,,,
Ambipom,54-58,15%,,Earthquake,,,,,,
Tauros,54-58,15%,,Super Fang,,,,,,
Absol ⭐,54-58,20%,,Icy Wind,,,,,,
Stantler ⭐,56-58,6%,,,,,,,,
,,,,,,,,,,
ACUITY LAKEFRONT,,,,,,,,,,
,,,,,,,,,,
GRASS,,,,EVENT,,,,,,
POKÉMON,LEVEL,ENCOUNTER %,,POKÉMON,LEVEL,ENCOUNTER %,,,,
Sneasel ⭐,50-52,20%,,Suicune,60,Event,,,,
Sealeo,50-53,24%,,,,,,,,
Snorunt,50-53,15%,,,,,,,,
Piloswine,50-53,15%,,,,,,,,
Ursaring,50-53,20%,,,,,,,,
Froslass,51-53,6%,,,,,,,,
,,,,,,,,,,
LAKE OF RAGE,,,,,,,,,,
,,,,,,,,,,
GRASS,,,,FISHING,,,,EVENT,,
POKÉMON,LEVEL,ENCOUNTER %,,OLD ROD,,,,POKÉMON,LEVEL,ENCOUNTER %
Venomoth,50-52,20%,,POKÉMON,LEVEL,ENCOUNTER %,,Raikou,60,Event
Furret,50-53,24%,,Magikarp,5,70%,,,,
Noctowl ⭐,50-53,15%,,Feebas,5,30%,,,,
Ratreecate ⭐,50-53,15%,,GOOD ROD,,,,,,
Ampharos ⭐,50-53,20%,,POKÉMON,LEVEL,ENCOUNTER %,,,,
Farigiraf,51-53,6%,,Poliwag,5-15,60%,,,,
,,,,Magikarp,5-15,20%,,,,
,,,,Feebas,5-15,20%,,,,
,,,,SUPER ROD,,,,,,
,,,,POKÉMON,LEVEL,ENCOUNTER %,,,,
,,,,Poliwag,15-25,40%,,,,
,,,,Poliwag,15-25,30%,,,,
,,,,Gyarados,15-25,15%,,,,
,,,,Poliwhirl,25-35,10%,,,,
,,,,Gyarados,25-35,5%,,,,
,,,,,,,,,,
MOUNT CHIMNEY,,,,,,,,,,
,,,,,,,,,,
GRASS,,,,EVENT,,,,,,
POKÉMON,LEVEL,ENCOUNTER %,,POKÉMON,LEVEL,ENCOUNTER %,,,,
Camerupt,50-52,20%,,Entei,60,Event,,,,
Torkoal,50-53,24%,,,,,,,,
Magmar ⭐,50-53,15%,,,,,,,,
Machoke ⭐,50-53,15%,,,,,,,,
Lairon ⭐,50-53,20%,,,,,,,,
Pupitar,51-53,6%,,,,,,,,
,,,,,,,,,,
SEVENTH STRATUM - B1F,,,,,,,,,,
,,,,,,,,,,
GRASS,,,,F.O.E.,,,,,,
POKÉMON,LEVEL,ENCOUNTER %,,POKÉMON,LEVEL,ENCOUNTER %,,,,
Ratreecate ⭐,60-61,20%,,Ninetales ⭐,75,Event,,,,
Bellossom ⭐,60-62,24%,,Divine Storm,,,,,,
Azumarill,60-62,15%,,Dark Pulse,,,,,,
Breloom ⭐,60-62,15%,,Fire Blast,,,,,,
Claydol ⭐,60-62,20%,,Psychic,,,,,,
Ampharos ⭐,60-62,6%,,,,,,,,
,,,,,,,,,,
SEVENTH STRATUM - B2F,,,,,,,,,,
,,,,,,,,,,
GRASS,,,,F.O.E.,,,,,,
POKÉMON,LEVEL,ENCOUNTER %,,POKÉMON,LEVEL,ENCOUNTER %,,,,
Marowak ⭐,60-61,20%,,Metagross,75,Event,,,,
Swalot ⭐,60-62,24%,,Ice Punch,,,,,,
Pupitar,60-62,15%,,Earthquake,,,,,,
Arbok ⭐,60-62,15%,,Zen Headbutt,,,,,,
Ampharos ⭐,60-62,20%,,Meteor Mash,,,,,,
Scizor,60-62,6%,,,,,,,,
,,,,,,,,,,
SEVENTH STRATUM - B3F,,,,,,,,,,
,,,,,,,,,,
GRASS,,,,F.O.E.,,,,,,
POKÉMON,LEVEL,ENCOUNTER %,,POKÉMON,LEVEL,ENCOUNTER %,,,,
Ninetales ⭐,61-62,20%,,Kabutops ⭐,75,Event,,,,
Claydol ⭐,61-63,24%,,Night Slash,,,,,,
Vileplume,61-63,15%,,Sucker Punch,,,,,,
Altaria,61-63,15%,,Scythe Dance,,,,,,
Alakazam,61-63,20%,,Dual Wingbeat,,,,,,
Tyranitar,61-63,6%,,,,,,,,
,,,,,,,,,,
PORCELAIN CAVE,,,,,,,,,,
,,,,,,,,,,
GRASS,,,,,,,,,,
POKÉMON,LEVEL,ENCOUNTER %,,,,,,,,
Golem,61-62,20%,,,,,,,,
Probopass,61-63,24%,,,,,,,,
Golbat,61-63,15%,,,,,,,,
Haunter,61-63,15%,,,,,,,,
Exploud,61-63,20%,,,,,,,,
Dudunsparce,61-63,6%,,,,,,,,
,,,,,,,,,,
SEVENTH STRATUM - B4F,,,,,,,,,,
,,,,,,,,,,
GRASS,,,,,,,,,,
POKÉMON,LEVEL,ENCOUNTER %,,,,,,,,
Ninetales ⭐,62-63,20%,,,,,,,,
Fearow ⭐,62-64,24%,,,,,,,,
Ratreecate ⭐,62-64,15%,,,,,,,,
Gliscor,62-64,15%,,,,,,,,
Scizor,62-64,20%,,,,,,,,
Metagross,62-64,6%,,,,,,,,
,,,,,,,,,,
EIGHTH STRATUM - B1F,,,,,,,,,,
,,,,,,,,,,
GRASS,,,,F.O.E.,,,,,,
POKÉMON,LEVEL,ENCOUNTER %,,POKÉMON,LEVEL,ENCOUNTER %,,,,
Tangrowth ⭐,67-68,20%,,Flygon,80,Event,,,,
Jynx ⭐,67-69,24%,,Earth Power,,,,,,
Arbok ⭐,67-69,15%,,Bug Buzz,,,,,,
Dusclops ⭐,67-69,15%,,Dragon Pulse,,,,,,
Ampharos ⭐,67-69,20%,,Boomburst,,,,,,
Dusknoir ⭐,67-69,6%,,,,,,,,
,,,,,,,,,,
EIGHTH STRATUM - B2F,,,,,,,,,,
,,,,,,,,,,
GRASS,,,,F.O.E.,,,,F.O.E.,,
POKÉMON,LEVEL,ENCOUNTER %,,POKÉMON,LEVEL,ENCOUNTER %,,POKÉMON,LEVEL,ENCOUNTER %
Parasect,68-69,20%,,Tangrowth ⭐,80,Event,,Tangrowth ⭐,80,Event
Ariados,68-70,24%,,Earthquake,,,,Earth Power,,
Houndoom,68-70,15%,,Phantom Force,,,,Giga Drain,,
Jynx ⭐,68-70,15%,,Poison Jab,,,,Sludge Bomb,,
Dusclops ⭐,68-70,20%,,Leaf Blade,,,,Shadow Ball,,
Ursaluna,68-70,6%,,,,,,,,
,,,,,,,,,,
EIGHTH STRATUM - B3F,,,,,,,,,,
,,,,,,,,,,
GRASS,,,,F.O.E.,,,,F.O.E.,,
POKÉMON,LEVEL,ENCOUNTER %,,POKÉMON,LEVEL,ENCOUNTER %,,POKÉMON,LEVEL,ENCOUNTER %
Jynx ⭐,69-70,20%,,Dragonite,80,Event,,Salamence,80,Event
Yanmega,69-71,24%,,Roost,,,,Outrage,,
Tangrowth ⭐,69-71,15%,,Extremespeed,,,,Earthquake,,
Swalot ⭐,69-71,15%,,Outrage,,,,Brave Bird,,
Sableye,69-71,20%,,Fire Punch,,,,Dragon Dance,,
Dragonite,69-71,6%,,,,,,,,
,,,,,,,,,,
EIGHTH STRATUM - B4F,,,,,,,,,,
,,,,,,,,,,
GRASS,,,,,,,,,,
POKÉMON,LEVEL,ENCOUNTER %,,,,,,,,
Tangrowth ⭐,70-71,20%,,,,,,,,
Absol ⭐,70-72,24%,,,,,,,,
Arbok ⭐,70-72,15%,,,,,,,,
Jynx ⭐,70-72,15%,,,,,,,,
Ampharos ⭐,70-72,20%,,,,,,,,
Dusknoir ⭐,70-72,6%,,,,,,,,
,,,,,,,,,,
EIGHTH STRATUM - B5F,,,,,,,,,,
,,,,,,,,,,
GRASS,,,,,,,,,,
POKÉMON,LEVEL,ENCOUNTER %,,,,,,,,
Jynx ⭐,72-73,20%,,,,,,,,
Ampharos ⭐,72-74,24%,,,,,,,,
Arbok ⭐,72-74,15%,,,,,,,,
Dusclops ⭐,72-74,15%,,,,,,,,
Gengar,72-74,20%,,,,,,,,
Mismagius ⭐,72-74,6%,,,,,,,,